Keyword,Search_Intent,Estimated_Monthly_Volume,Keyword_Difficulty,Conversion_Potential,Priority_Level,Conversion_Score,Opportunity_Score
convert website to apk android,Transaksional,1200,35,Tinggi,HARUS,20,76.0
convert website to app without coding,Transaksional,380,12,Sangat Tinggi,HARUS,30,74.7
convert website to apk in 5 minutes,Transaksional,280,15,Sangat Tinggi,HARUS,30,71.0
website to apk,Transaksional,950,32,Tinggi,HARUS,20,70.95
convert website apk fast online,Transaksional,150,12,Sangat Tinggi,HARUS,30,68.95
website to android apk converter free,Transaksional,240,18,Sangat Tinggi,HARUS,30,68.8
convert website to app android easy,Transaksional,160,14,Sangat Tinggi,HARUS,30,68.4
website to app android,Transaksional,850,34,Tinggi,HARUS,20,67.65
make website into app android,Transaksional,680,33,Tinggi,TINGGI,20,63.8
one click website to apk converter,Transaksional,190,10,Tinggi,HARUS,20,60.75
instant website to app android,Transaksional,160,9,Tinggi,TINGGI,20,60.4
website to apk converter no code needed,Transaksional,175,11,Tinggi,TINGGI,20,59.975
convert website to apk no coding,Transaksional,170,11,Tinggi,TINGGI,20,59.85
website to apk builder online,Transaksional,250,16,Tinggi,TINGGI,20,59.85
how to convert website to android app,Informasional,720,28,Sedang,HARUS,10,56.8
best website to apk converter,Komersial,220,22,Tinggi,TINGGI,20,56.7
how to make android app from website,Informasional,320,14,Sedang,TINGGI,10,52.4
how to convert website to app android free,Informasional,140,8,Sedang,TINGGI,10,50.300000000000004
convert html website to android app,Informasional,210,13,Sedang,TINGGI,10,50.05
how long does it take to convert website to apk,Informasional,110,7,Sedang,TINGGI,10,49.95
how to make apk from website url,Informasional,120,9,Sedang,TINGGI,10,49.4
can i convert website to android app,Informasional,130,10,Sedang,TINGGI,10,49.25
how to convert responsive website to android app,Informasional,95,10,Sedang,TINGGI,10,48.375
